title,type,priority,target_date,keywords,word_count,status
"Spray Foam Insulation Cost in Alaska | 2025 Pricing Guide",pillar,critical,2025-01-06,"spray foam insulation cost Alaska, spray foam cost per sq ft",3500,pending
"Spray Foam vs Fiberglass Insulation | Complete Comparison",pillar,critical,2025-01-08,"spray foam vs fiberglass, insulation comparison Alaska",3000,pending
"Closed Cell vs Open Cell Spray Foam | Which is Best for Alaska?",pillar,critical,2025-01-13,"closed cell vs open cell, spray foam types",3200,pending
"Crawl Space Insulation Alaska | Complete Guide",pillar,critical,2025-01-15,"crawl space insulation Alaska, crawlspace spray foam",2800,pending
"Ice Dam Prevention | Alaska Home Protection Guide",pillar,critical,2025-01-17,"ice dam prevention Alaska, prevent ice dams spray foam",2800,pending
"AHFC Energy Rebates Guide | Alaska Insulation Rebates 2025",resource,high,2025-01-23,"AHFC rebates, Alaska insulation rebates, home energy rebate",2200,pending
"Attic Insulation Alaska | R-Value Requirements & Solutions",pillar,critical,2025-01-20,"attic insulation Alaska, attic R-value requirements",2600,pending
"Energy Efficiency Upgrades Alaska | ROI & Savings Guide",pillar,high,2025-01-22,"energy efficiency Alaska, home energy upgrades",2600,pending
"Anchorage Spray Foam Insulation | Local Contractor",location,critical,2025-01-27,"Anchorage spray foam insulation, insulation contractor Anchorage",1800,pending
"Wasilla Spray Foam Insulation | Mat-Su Valley Contractor",location,critical,2025-01-29,"Wasilla spray foam insulation, Mat-Su insulation",1600,pending
"Palmer Spray Foam Insulation | Mat-Su Valley Service",location,high,2025-02-03,"Palmer insulation contractor, Palmer spray foam",1400,pending
"Eagle River Spray Foam Insulation | Local Service",location,high,2025-02-05,"Eagle River spray foam, Eagle River insulation contractor",1400,pending
"Kenai Spray Foam Insulation | Peninsula Contractor",location,high,2025-02-07,"Kenai spray foam insulation, Kenai Peninsula insulation",1400,pending
"Soldotna Spray Foam Insulation | Peninsula Service",location,medium,2025-02-10,"Soldotna insulation contractor, Soldotna spray foam",1400,pending
"Girdwood Spray Foam Insulation | Mountain Community Service",location,medium,2025-02-12,"Girdwood spray foam, Girdwood insulation",1200,pending
"Big Lake Spray Foam Insulation | Mat-Su Service",location,medium,2025-02-14,"Big Lake insulation, Big Lake spray foam contractor",1200,pending
"Houston Alaska Spray Foam Insulation | Local Service",location,medium,2025-02-17,"Houston AK insulation, Houston spray foam",1200,pending
"Seward Spray Foam Insulation | Coastal Community Service",location,lower,2025-02-19,"Seward spray foam, Seward insulation contractor",1200,pending
"Homer Spray Foam Insulation | Kenai Peninsula Service",location,lower,2025-02-21,"Homer spray foam insulation, Homer insulation",1200,pending
"Chugiak Spray Foam Insulation | Municipality of Anchorage",location,lower,2025-02-24,"Chugiak spray foam, Chugiak insulation contractor",1200,pending
"Spray Foam Insulation Services | Professional Installation",service,critical,2025-01-10,"spray foam insulation services, spray foam contractor Alaska",1800,pending
"Closed Cell Spray Foam | Premium Insulation Solution",service,high,2025-02-03,"closed cell spray foam Alaska, closed cell insulation",1600,pending
"Open Cell Spray Foam | Cost-Effective Insulation",service,high,2025-02-05,"open cell spray foam, open cell insulation Alaska",1600,pending
"Crawl Space Insulation | Alaska Crawlspace Solutions",service,critical,2025-01-13,"crawl space insulation service, crawlspace spray foam",1600,pending
"Attic Insulation Services | Alaska Attic Solutions",service,high,2025-02-07,"attic insulation service, attic spray foam Alaska",1600,pending
"Ice Dam Prevention Services | Protect Your Alaska Home",service,high,2025-02-10,"ice dam prevention service, ice dam solutions Alaska",1600,pending
"Thermal Inspections | Infrared Energy Audits",service,medium,2025-02-12,"thermal inspection Alaska, infrared insulation inspection",1400,pending
"Insulation Removal | Safe Old Insulation Removal",service,medium,2025-02-14,"insulation removal Alaska, remove old insulation",1400,pending
"Commercial Insulation | Alaska Business Solutions",service,medium,2025-02-17,"commercial spray foam Alaska, commercial insulation",1600,pending
"Weatherization Services | Complete Home Weatherization",service,medium,2025-02-19,"weatherization Alaska, home weatherization services",1400,pending
"How Long Does Spray Foam Insulation Last?",blog,high,2025-01-24,"spray foam lifespan, how long spray foam lasts",1500,pending
"Is Spray Foam Worth the Cost? ROI Analysis",blog,high,2025-01-31,"spray foam worth it, spray foam ROI",1800,pending
"Signs Your Alaska Home Needs Better Insulation",blog,high,2025-02-07,"signs need insulation, when to insulate home",1400,pending
"What to Expect During Spray Foam Installation",resource,high,2025-03-14,"spray foam installation process, what to expect insulation",2000,pending
"R-Value Guide for Alaska | Insulation Requirements",resource,medium,2025-03-11,"R-value Alaska, insulation R-value requirements",1800,pending
"Federal Tax Credits for Insulation | 2025 Guide",resource,medium,2025-03-12,"insulation tax credit, energy efficiency tax credit",1600,pending
"Financing Options | Affordable Insulation Solutions",resource,medium,2025-04-04,"insulation financing, spray foam payment plans",1500,pending
"Energy Savings Calculator | Insulation ROI Estimator",resource,high,2025-04-01,"energy savings calculator, insulation savings estimator",1000,pending
"Free Insulation Buying Guide | Download Now",resource,medium,2025-05-19,"insulation buying guide, spray foam guide download",800,pending
"Alaska Winter Preparation Checklist | Free Download",resource,medium,2025-06-17,"Alaska winterization checklist, winter prep Alaska",600,pending
"Insulation Comparison Chart | Types Compared",resource,lower,2025-05-22,"insulation comparison chart, insulation types compared",800,pending
"Before You Call Checklist | Estimate Preparation",resource,lower,2025-05-26,"estimate preparation, insulation estimate checklist",500,pending
"Why Alaska Homes Need More Insulation Than Lower 48",blog,high,2025-02-14,"Alaska insulation needs, insulation cold climate",1600,pending
"The True Cost of Poor Insulation in Alaska",blog,high,2025-02-21,"poor insulation cost, underinsulated home Alaska",1600,pending
"Spray Foam Insulation Myths Debunked",blog,medium,2025-02-28,"spray foam myths, insulation misconceptions",1400,pending
"How Spray Foam Stops Ice Dams",blog,high,2025-03-07,"spray foam ice dams, prevent ice dams",1500,pending
"Best Insulation for Alaska Cold: Expert Guide",blog,high,2025-03-14,"best insulation Alaska, cold climate insulation",1800,pending
"Crawl Space Moisture Problems | Alaska Solutions",blog,medium,2025-03-21,"crawl space moisture, wet crawlspace Alaska",1400,pending
"When to Replace Old Insulation in Alaska",blog,medium,2025-03-28,"replace old insulation, insulation replacement",1400,pending
"Spray Foam for Metal Buildings | Alaska Guide",blog,medium,2025-04-04,"spray foam metal building, metal building insulation",1400,pending
"How Much Can You Save with Spray Foam?",blog,high,2025-04-11,"spray foam savings, insulation energy savings",1600,pending
"Spring Insulation Projects | Best Time to Insulate",blog,medium,2025-04-18,"spring insulation, when to insulate Alaska",1400,pending
"Attic Ventilation and Insulation | Getting it Right",blog,medium,2025-04-25,"attic ventilation insulation, attic airflow",1400,pending
"Commercial Kitchen Insulation | Alaska Restaurants",blog,lower,2025-05-02,"commercial kitchen insulation, restaurant insulation",1200,pending
"Pole Barn Insulation | Alaska Agricultural Buildings",blog,medium,2025-05-09,"pole barn insulation, agricultural building insulation",1400,pending
"Garage Insulation | Heated Garage Solutions",blog,medium,2025-05-16,"garage insulation Alaska, heated garage spray foam",1400,pending
"Basement Insulation | Alaska Foundation Solutions",blog,medium,2025-05-23,"basement insulation Alaska, foundation insulation",1400,pending
"Rim Joist Insulation | Often Overlooked Energy Loss",blog,medium,2025-05-30,"rim joist insulation, band joist spray foam",1200,pending
"Soundproofing with Spray Foam | Noise Reduction",blog,lower,2025-06-06,"spray foam soundproofing, noise reduction insulation",1200,pending
"Insulating Old Alaska Homes | Retrofit Guide",blog,high,2025-06-13,"insulating old home, retrofit insulation Alaska",1600,pending
"Energy Audit Basics | What Homeowners Need to Know",blog,medium,2025-06-20,"home energy audit, energy assessment Alaska",1400,pending
"Preparing Your Home for Winter | Alaska Guide",blog,high,2025-06-27,"winter prep Alaska, winterizing home insulation",1600,pending
"Mobile Home Insulation | Alaska Solutions",blog,medium,2025-07-04,"mobile home insulation, manufactured home spray foam",1400,pending
"Vapor Barriers | When and Where You Need Them",blog,medium,2025-07-11,"vapor barrier Alaska, moisture barrier insulation",1400,pending
"DIY vs Professional Insulation | Why Pro Wins",blog,medium,2025-07-18,"DIY insulation vs professional, hire insulation contractor",1400,pending
"Spray Foam for New Construction | Alaska Builders Guide",blog,medium,2025-07-25,"spray foam new construction, new home insulation Alaska",1400,pending
"Shop and Workshop Insulation | Alaska Outbuildings",blog,medium,2025-08-01,"shop insulation Alaska, workshop spray foam",1400,pending
"Insulation and Indoor Air Quality",blog,medium,2025-08-08,"insulation air quality, spray foam air sealing",1200,pending
"Common Insulation Mistakes Alaska Homeowners Make",blog,medium,2025-08-15,"insulation mistakes, wrong insulation choices",1400,pending
"Why Spray Foam Contractors Matter | Choosing Right",blog,medium,2025-08-22,"choosing insulation contractor, spray foam installer",1400,pending
"Home Comfort Beyond Temperature | Draft Elimination",blog,lower,2025-08-29,"eliminate drafts, home comfort insulation",1200,pending
"Insulation Tax Benefits | Maximizing Your Savings",blog,medium,2025-09-05,"insulation tax benefits, energy tax credits",1400,pending
"Fall Insulation Projects | Before Winter Arrives",blog,high,2025-09-12,"fall insulation projects, pre-winter insulation",1400,pending
"How Alaska Climate Affects Insulation Choices",blog,high,2025-09-19,"Alaska climate insulation, extreme cold insulation",1600,pending
"Spray Foam Warranties | What to Expect",blog,lower,2025-09-26,"spray foam warranty, insulation guarantee",1200,pending
"Insulation and Home Value | ROI for Sellers",blog,medium,2025-10-03,"insulation home value, insulation ROI selling",1400,pending
"Commercial Building Insulation | Alaska Business Guide",blog,medium,2025-10-10,"commercial insulation Alaska, business building spray foam",1600,pending
"Restaurant and Retail Insulation | Commercial Solutions",blog,lower,2025-10-17,"restaurant insulation, retail building insulation",1200,pending
"Warehouse Insulation | Large Space Solutions",blog,lower,2025-10-24,"warehouse insulation, large building spray foam",1200,pending
"Office Building Insulation | Energy Efficiency",blog,lower,2025-10-31,"office insulation, commercial office spray foam",1200,pending
"Insulation FAQ | Common Questions Answered",faq,high,2025-03-03,"spray foam FAQ, insulation questions Alaska",3000,pending
"Service Area Map | Areas We Cover",page,medium,2025-02-26,"Foamology service area, Alaska insulation coverage",800,pending
"About Foamology Insulation | Our Story",page,medium,2025-03-05,"about Foamology, spray foam company Alaska",1200,pending
"Why Choose Foamology | Our Difference",page,medium,2025-03-07,"why Foamology, best insulation contractor",1000,pending
"Our Process | How We Work",page,medium,2025-03-10,"Foamology process, spray foam installation process",1200,pending
"Testimonials | Customer Reviews",page,high,2025-03-17,"Foamology reviews, insulation customer testimonials",800,pending
"Gallery | Our Work",page,medium,2025-03-19,"Foamology gallery, spray foam project photos",600,pending
"Contact Us | Get Your Free Estimate",page,high,2025-01-03,"contact Foamology, free insulation estimate",600,pending
"Privacy Policy",page,lower,2025-01-02,"privacy policy",800,pending
"Terms of Service",page,lower,2025-01-02,"terms of service",800,pending
"Sitemap",page,lower,2025-01-02,"sitemap",200,pending
"Log Home Insulation | Alaska Cabin Solutions",blog,medium,2025-11-07,"log home insulation, cabin spray foam Alaska",1400,pending
"Vacation Home Insulation | Alaska Second Homes",blog,lower,2025-11-14,"vacation home insulation, cabin winterizing",1200,pending
"Rental Property Insulation | Landlord Guide",blog,lower,2025-11-21,"rental property insulation, landlord energy efficiency",1200,pending
"Multi-Family Housing Insulation | Apartment Buildings",blog,lower,2025-11-28,"apartment insulation, multi-family spray foam",1200,pending
"School and Institutional Insulation | Public Buildings",blog,lower,2025-12-05,"school insulation, institutional building spray foam",1200,pending
"Church and Worship Center Insulation",blog,lower,2025-12-12,"church insulation, worship center spray foam",1200,pending
"Healthcare Facility Insulation | Medical Buildings",blog,lower,2025-12-19,"healthcare insulation, medical building spray foam",1200,pending
"Storage Facility Insulation | Climate Controlled Storage",blog,lower,2025-12-26,"storage unit insulation, climate controlled storage",1200,pending
