city,region,population,households,market_size_estimate,competition_level,opportunity_score,priority_rank,primary_keywords,keyword_volume,top_competitor,competitor_reviews,local_seo_difficulty,content_priority,citation_priority,link_building_priority,gbp_priority,estimated_time_to_rank,notes
Anchorage,Municipality of Anchorage,291247,111000,15000000-20000000,Medium,85,1,"spray foam insulation anchorage, anchorage insulation contractors",3500,Energy Wise Home Improvements,67,Medium,HIGH,CRITICAL,HIGH,CRITICAL,3-6 months,Core market - largest population and highest total market value. Foundation for all other markets.
Wasilla,Mat-Su Valley,10500,4100,3000000-4000000,Low-Medium,90,2,"spray foam insulation wasilla, insulation contractor wasilla",1200,Mat-Su Spray Foam,19,Low,HIGH,HIGH,HIGH,HIGH,2-4 months,Fast-growing market with high new construction volume. Strong shop/garage niche.
Palmer,Mat-Su Valley,7800,2900,2000000-3000000,Low-Medium,88,3,"spray foam insulation palmer, insulation contractor palmer",800,Valley Insulation Services,28,Low,HIGH,HIGH,MEDIUM,HIGH,2-4 months,Agricultural community with unique greenhouse/barn insulation opportunities.
Eagle River,Municipality of Anchorage,35000,12500,3000000-4000000,Low,95,4,"spray foam insulation eagle river, insulation contractor eagle river",600,None Local,0,Very Low,HIGH,HIGH,HIGH,HIGH,1-3 months,No local competitors. Military market. Part of Anchorage municipality for easy service.
Chugiak,Municipality of Anchorage,8200,2900,1000000-1500000,Low,92,5,"insulation contractor chugiak, spray foam chugiak",200,None Local,0,Very Low,MEDIUM,MEDIUM,MEDIUM,MEDIUM,1-3 months,Included with Eagle River market. Same competitive advantages.
Soldotna,Kenai Peninsula,4800,2000,1500000-2000000,Low,85,6,"spray foam insulation soldotna, insulation contractor soldotna",350,Peninsula Insulation,15,Low,HIGH,MEDIUM,MEDIUM,MEDIUM,2-4 months,Central peninsula hub. Gateway to Kenai Peninsula market.
Kenai,Kenai Peninsula,7400,3100,1500000-2000000,Low,83,7,"spray foam insulation kenai, insulation contractor kenai",300,Kenai Insulation & Drywall,12,Low,MEDIUM,MEDIUM,MEDIUM,MEDIUM,2-4 months,Second largest peninsula city. Oil/gas industry support.
Homer,Kenai Peninsula,5800,2500,1000000-1500000,Low,80,8,"spray foam insulation homer, insulation contractor homer",250,Small Local Operators,5,Very Low,MEDIUM,MEDIUM,LOW,LOW,3-5 months,Southern peninsula terminus. Tourism/fishing industry. 4+ hour drive from Anchorage.
Seward,Kenai Peninsula,2800,1150,500000-800000,Low,75,9,"spray foam insulation seward, insulation contractor seward",150,None Dedicated,0,Very Low,MEDIUM,LOW,LOW,LOW,3-5 months,Tourism gateway. Smaller market but steady demand. 2.5 hour drive.
Big Lake,Mat-Su Valley,5600,2100,1000000-1500000,Low,82,10,"insulation big lake alaska, spray foam big lake",150,None Dedicated,0,Very Low,MEDIUM,LOW,LOW,LOW,2-4 months,Recreational area. Strong cabin/second home market.
Girdwood,Municipality of Anchorage,2200,1000,500000-800000,Low,78,11,"insulation girdwood, spray foam girdwood",100,None Local,0,Very Low,MEDIUM,LOW,LOW,LOW,2-4 months,Premium market. Ski resort area. High home values. Part of Anchorage service.
Fairbanks,Fairbanks North Star Borough,97500,36000,8000000-10000000,Medium-High,65,12,"spray foam insulation fairbanks, insulation contractor fairbanks",1200,Interior Alaska Insulation,32,Medium-High,LOW,LOW,LOW,LOW,6-12 months,Secondary market - 6 hour drive. Consider partnership model instead of direct service.
North Pole,Fairbanks North Star Borough,2300,850,500000-750000,Medium,60,13,"insulation north pole alaska, spray foam north pole",100,Fairbanks Competitors,N/A,Medium,LOW,LOW,LOW,LOW,6-12 months,Include only if serving Fairbanks market. Same considerations apply.
Juneau,City and Borough of Juneau,32000,13000,3000000-4000000,Low,40,N/A,"spray foam insulation juneau, insulation contractor juneau",150,Local Only,15,High Barrier,INFORMATIONAL,N/A,N/A,N/A,N/A,No road access. Create informational content only. Not serviceable.
Kodiak,Kodiak Island Borough,13500,5200,1500000-2000000,Low,35,N/A,"spray foam insulation kodiak, insulation contractor kodiak",80,Local Only,8,High Barrier,INFORMATIONAL,N/A,N/A,N/A,N/A,Island access only. Create informational content only. Not serviceable.
Sitka,City and Borough of Sitka,8400,3600,1000000-1500000,Low,30,N/A,"spray foam insulation sitka, insulation contractor sitka",50,Local Only,5,High Barrier,INFORMATIONAL,N/A,N/A,N/A,N/A,Island access only. Create informational content only. Not serviceable.
Sterling,Kenai Peninsula,5600,2100,800000-1200000,Low,75,14,"insulation sterling alaska, spray foam sterling",80,None Dedicated,0,Very Low,LOW,LOW,LOW,LOW,3-5 months,Peninsula community between Soldotna and Homer. Include in peninsula coverage.
Nikiski,Kenai Peninsula,4500,1700,600000-900000,Low,72,15,"insulation nikiski, spray foam nikiski",60,None Dedicated,0,Very Low,LOW,LOW,LOW,LOW,3-5 months,Industrial area north of Kenai. Oil refinery support. Include in peninsula coverage.
Houston,Mat-Su Valley,2200,850,400000-600000,Low,70,16,"insulation houston alaska, spray foam houston",40,None Dedicated,0,Very Low,LOW,LOW,LOW,LOW,2-4 months,Small valley community. Include in Mat-Su coverage.
Willow,Mat-Su Valley,2200,900,400000-600000,Low,68,17,"insulation willow alaska, spray foam willow",35,None Dedicated,0,Very Low,LOW,LOW,LOW,LOW,2-4 months,Small valley community. Iditarod headquarters. Include in Mat-Su coverage.
